{"cameraMode":{"drawMode":0,"name":"Shaded","section":"Shading Mode"},"sceneLighting":true,"audioPlay":false,"sceneViewState":{"m_AlwaysRefresh":false,"showFog":true,"showSkybox":true,"showFlares":true,"showImageEffects":true,"showParticleSystems":true,"showVisualEffectGraphs":true,"m_FxEnabled":true},"in2DMode":false,"pivot":{"x":-10.591995239257813,"y":4.120694160461426,"z":-16.33620262145996},"rotation":{"x":0.19776752591133119,"y":-0.11147815734148026,"z":0.022643499076366426,"w":0.9736297726631165},"size":12.12435531616211,"orthographic":false}